name	source	page	type	alignment	size	cr	environment	flags
Aarakocra	mm	12	Humanoid	NG	Medium	1/4	Mountain	
Aboleth	mm	13	Aberration	LE	Large	10	Underdark	
Deva	mm	16	Celestial	LG	Medium	10		
Planetar	mm	17	Celestial	LG	Large	16		
Solar	mm	18	Celestial	LG	Large	21		
Animated Armor	mm	19	Construct	NN	Medium	1	Any	
Flying Sword	mm	20	Construct	NN	Small	1/4	Any	
Rug of Smothering	mm	20	Construct	NN	Large	2	Any	
Ankheg	mm	21	Monstrosity	NN	Large	2	Grassland,Forest	
Azer	mm	22	Elemental	LN	Medium	2		
Banshee	mm	23	Undead	CE	Medium	4	Forest,Coastal	
Basilisk	mm	24	Monstrosity	NN	Medium	3	Mountain	
Behir	mm	25	Monstrosity	NE	Huge	11	Underdark	
Beholder	mm	28	Aberration	LE	Large	13	Underdark	
Beholder (in lair)	mm	28	Aberration	LE	Large	14	Underdark	
Death Tyrant	mm	29	Undead	LE	Large	14	Underdark	
Death Tyrant (in lair)	mm	29	Undead	LE	Large	15	Underdark	
Spectator	mm	30	Aberration	LN	Medium	3	Underdark	
Needle Blight	mm	32	Plant	NE	Medium	1/4	Forest	
Twig Blight	mm	32	Plant	NE	Small	1/8	Forest	
Vine Blight	mm	32	Plant	NE	Medium	1/2	Forest	
Bugbear	mm	33	Humanoid	CE	Medium	1	Forest,Grassland,Underdark	
Bugbear Chief	mm	33	Humanoid	CE	Medium	3	Underdark	
Bulette	mm	34	Monstrosity	NN	Large	5	Grassland,Hill,Mountain	
Bullywug	mm	35	Humanoid	NE	Medium	1/4	Swamp	
Cambion	mm	36	Fiend	CE	Medium	5	Urban	
Cambion	mm	36	Fiend	LE	Medium	5	Urban	
Cambion	mm	36	Fiend	NE	Medium	5	Urban	
Carrion Crawler	mm	37	Monstrosity	NN	Large	2	Underdark	
Centaur	mm	38	Monstrosity	NG	Large	2	Grassland,Forest	
Chimera	mm	39	Monstrosity	CE	Large	6	Hill,Underdark,Mountain,Grassland	
Chuul	mm	40	Aberration	CE	Large	4	Underdark	
Cloaker	mm	41	Aberration	CN	Large	8	Underdark	
Cockatrice	mm	42	Monstrosity	NN	Small	1/2	Grassland	
Couatl	mm	43	Celestial	LG	Medium	4	Urban,Forest,Desert,Grassland	
Crawling Claw	mm	44	Undead	NE	Tiny	0	Any	
Cyclops	mm	45	Giant	CN	Huge	6	Mountain,Hill,Underdark,Jungle,Grassland,Desert,Coastal	
Darkmantle	mm	46	Monstrosity	NN	Small	1/2	Underdark	
Death Knight	mm	47	Undead	CE	Medium	17		
Demilich	mm	48	Undead	NE	Tiny	18		
Demilich (in lair)	mm	48	Undead	NE	Tiny	20		
Balor	mm	55	Fiend	CE	Huge	19		
Barlgura	mm	56	Fiend	CE	Large	5		
Chasme	mm	57	Fiend	CE	Large	6		
Dretch	mm	57	Fiend	CE	Small	1/4	Underdark	
Glabrezu	mm	58	Fiend	CE	Large	9		
Goristro	mm	59	Fiend	CE	Huge	17		
Hezrou	mm	60	Fiend	CE	Large	8		
Manes	mm	60	Fiend	CE	Small	1/8	Underdark	
Marilith	mm	61	Fiend	CE	Large	16		
Nalfeshnee	mm	62	Fiend	CE	Large	13		
Quasit	mm	63	Fiend	CE	Tiny	1		
Shadow Demon	mm	64	Fiend	CE	Medium	4		
Vrock	mm	64	Fiend	CE	Large	6		
Yochlol	mm	65	Fiend	CE	Medium	10		
Barbed Devil	mm	70	Fiend	LE	Medium	5		
Bearded Devil	mm	70	Fiend	LE	Medium	3		
Bone Devil	mm	71	Fiend	LE	Large	9		
Chain Devil	mm	72	Fiend	LE	Medium	8		
Erinyes	mm	73	Fiend	LE	Medium	12		
Horned Devil	mm	74	Fiend	LE	Large	11		
Ice Devil	mm	75	Fiend	LE	Large	14		
Imp	mm	76	Fiend	LE	Tiny	1	Any	
Lemure	mm	76	Fiend	LE	Medium	0	Underdark	
Pit Fiend	mm	77	Fiend	LE	Large	20		
Spined Devil	mm	78	Fiend	LE	Small	2		
Allosaurus	mm	79	Beast	NN	Large	2	Grassland,Jungle	
Ankylosaurus	mm	79	Beast	NN	Huge	3	Grassland,Jungle	
Plesiosaurus	mm	80	Beast	NN	Large	2	Coastal,Underwater	
Pteranodon	mm	80	Beast	NN	Medium	1/4	Coastal,Grassland,Jungle,Mountain	
Triceratops	mm	80	Beast	NN	Huge	5	Grassland,Jungle	
Tyrannosaurus Rex	mm	80	Beast	NN	Huge	8	Jungle,Grassland	
Displacer Beast	mm	81	Monstrosity	LE	Large	3	Forest	
Doppelganger	mm	82	Monstrosity	NN	Medium	3	Underdark,Urban	
Adult Blue Dracolich	mm	84	Undead	LE	Huge	17	Desert	
Young Red Shadow Dragon	mm	85	Dragon	CE	Large	13	Underdark	
Ancient Black Dragon	mm	87	Dragon	CE	Gargantuan	21	Swamp	
Adult Black Dragon	mm	88	Dragon	CE	Huge	14	Swamp	
Black Dragon Wyrmling	mm	88	Dragon	CE	Medium	2		
Young Black Dragon	mm	88	Dragon	CE	Large	7	Swamp	
Ancient Blue Dragon	mm	90	Dragon	LE	Gargantuan	23	Desert,Coastal	
Adult Blue Dragon	mm	91	Dragon	LE	Huge	16	Desert,Coastal	
Blue Dragon Wyrmling	mm	91	Dragon	LE	Medium	3		
Young Blue Dragon	mm	91	Dragon	LE	Large	9	Coastal,Desert	
Ancient Green Dragon	mm	93	Dragon	LE	Gargantuan	22	Forest	
Adult Green Dragon	mm	94	Dragon	LE	Huge	15	Forest	
Young Green Dragon	mm	94	Dragon	LE	Large	8	Forest	
Green Dragon Wyrmling	mm	95	Dragon	LE	Medium	2		
Ancient Red Dragon	mm	97	Dragon	CE	Gargantuan	24	Mountain,Hill	
Adult Red Dragon	mm	98	Dragon	CE	Huge	17	Mountain,Hill	
Red Dragon Wyrmling	mm	98	Dragon	CE	Medium	4	Mountain, Hill, Underdark	
Young Red Dragon	mm	98	Dragon	CE	Large	10	Hill,Mountain	
Ancient White Dragon	mm	100	Dragon	CE	Gargantuan	20	Arctic	
Adult White Dragon	mm	101	Dragon	CE	Huge	13	Arctic	
Young White Dragon	mm	101	Dragon	CE	Large	6	Arctic	
White Dragon Wyrmling	mm	102	Dragon	CE	Medium	2		
Ancient Brass Dragon	mm	104	Dragon	CG	Gargantuan	20	Desert	
Adult Brass Dragon	mm	105	Dragon	CG	Huge	13	Desert	
Young Brass Dragon	mm	105	Dragon	CG	Large	6	Desert	
Brass Dragon Wyrmling	mm	106	Dragon	CG	Medium	1		
Ancient Bronze Dragon	mm	107	Dragon	LG	Gargantuan	22	Coastal	
Adult Bronze Dragon	mm	108	Dragon	LG	Huge	15	Coastal	
Young Bronze Dragon	mm	108	Dragon	LG	Large	8	Coastal	
Bronze Dragon Wyrmling	mm	109	Dragon	LG	Medium	2		
Ancient Copper Dragon	mm	110	Dragon	CG	Gargantuan	21	Hill	
Adult Copper Dragon	mm	111	Dragon	CG	Huge	14	Hill	
Young Copper Dragon	mm	111	Dragon	CG	Large	7	Hill	
Copper Dragon Wyrmling	mm	112	Dragon	CG	Medium	1		
Ancient Gold Dragon	mm	113	Dragon	LG	Gargantuan	24	Grassland,Forest	
Adult Gold Dragon	mm	114	Dragon	LG	Huge	17	Grassland,Forest	
Gold Dragon Wyrmling	mm	115	Dragon	LG	Medium	3		
Young Gold Dragon	mm	115	Dragon	LG	Large	10	Grassland,Forest	
Ancient Silver Dragon	mm	116	Dragon	LG	Gargantuan	23	Urban,Mountain	
Adult Silver Dragon	mm	117	Dragon	LG	Huge	16	Urban,Mountain	
Silver Dragon Wyrmling	mm	118	Dragon	LG	Medium	2		
Young Silver Dragon	mm	118	Dragon	LG	Large	9	Mountain,Urban	
Dragon Turtle	mm	119	Dragon	NN	Gargantuan	17	Underwater,Coastal	
Drider	mm	120	Monstrosity	CE	Large	6	Underdark	
Dryad	mm	121	Fey	NN	Medium	1	Forest	
Duergar	mm	122	Humanoid	LE	Medium	1	Underdark	
Air Elemental	mm	124	Elemental	NN	Large	5	Mountain,Desert	
Earth Elemental	mm	124	Elemental	NN	Large	5	Underdark	
Fire Elemental	mm	125	Elemental	NN	Large	5	Desert	
Water Elemental	mm	125	Elemental	NN	Large	5	Swamp,Underwater,Coastal	
Drow	mm	128	Humanoid	NE	Medium	1/4	Underdark	
Drow Elite Warrior	mm	128	Humanoid	NE	Medium	5	Underdark	
Drow Mage	mm	129	Humanoid	NE	Medium	7	Underdark	
Drow Priestess of Lolth	mm	129	Humanoid	NE	Medium	8		
Empyrean	mm	130	Celestial	CG	Huge	23		
Empyrean	mm	130	Celestial	NE	Huge	23		
Ettercap	mm	131	Monstrosity	NE	Medium	2	Forest	
Ettin	mm	132	Giant	CE	Large	4	Underdark,Hill,Mountain	
Adult Faerie Dragon	mm	133	Dragon	CG	Tiny	2	Forest	
Young Faerie Dragon	mm	133	Dragon	CG	Tiny	1	Forest	
Flameskull	mm	134	Undead	NE	Tiny	4	Underdark	
Flumph	mm	135	Aberration	LG	Small	1/8	Underdark	
Fomorian	mm	136	Giant	CE	Huge	8	Underdark	
Gas Spore	mm	138	Plant	NN	Large	1/2	Underdark	
Shrieker	mm	138	Plant	NN	Medium	0	Underdark	
Violet Fungus	mm	138	Plant	NN	Medium	1/4	Underdark	
Galeb Duhr	mm	139	Elemental	NN	Medium	6	Hill,Mountain	
Gargoyle	mm	140	Elemental	CE	Medium	2	Urban,Underdark	
Dao	mm	143	Elemental	NE	Large	11	Underdark	
Djinni	mm	144	Elemental	CG	Large	11	Coastal	
Efreeti	mm	145	Elemental	LE	Large	11	Desert	
Marid	mm	146	Elemental	CN	Large	11	Coastal,Underwater	
Ghost	mm	147	Undead	CE	Medium	4	Underdark,Urban	
Ghost	mm	147	Undead	CG	Medium	4	Underdark,Urban	
Ghost	mm	147	Undead	CN	Medium	4	Underdark,Urban	
Ghost	mm	147	Undead	LE	Medium	4	Underdark,Urban	
Ghost	mm	147	Undead	LG	Medium	4	Underdark,Urban	
Ghost	mm	147	Undead	LN	Medium	4	Underdark,Urban	
Ghost	mm	147	Undead	NE	Medium	4	Underdark,Urban	
Ghost	mm	147	Undead	NG	Medium	4	Underdark,Urban	
Ghost	mm	147	Undead	NN	Medium	4	Underdark,Urban	
Ghast	mm	148	Undead	CE	Medium	2	Swamp,Underdark,Urban	
Ghoul	mm	148	Undead	CE	Medium	1	Urban,Swamp,Underdark,Jungle	
Cloud Giant	mm	154	Giant	NE	Huge	9	Mountain	
Cloud Giant	mm	154	Giant	NG	Huge	9	Mountain	
Fire Giant	mm	154	Giant	LE	Huge	9	Underdark,Mountain	
Frost Giant	mm	155	Giant	NE	Huge	8	Arctic,Mountain	
Hill Giant	mm	155	Giant	CE	Huge	5	Hill	
Stone Giant	mm	156	Giant	NN	Huge	7	Mountain,Hill,Underdark	
Storm Giant	mm	156	Giant	CG	Huge	13	Coastal	
Gibbering Mouther	mm	157	Aberration	NN	Medium	2	Underdark	
Githyanki Knight	mm	160	Humanoid	LE	Medium	8		
Githyanki Warrior	mm	160	Humanoid	LE	Medium	3		
Githzerai Monk	mm	161	Humanoid	LN	Medium	2		
Githzerai Zerth	mm	161	Humanoid	LN	Medium	6		
Gnoll	mm	163	Humanoid	CE	Medium	1/2	Desert,Grassland,Forest,Hill	
Gnoll Fang of Yeenoghu	mm	163	Fiend	CE	Medium	4	Hill,Forest,Desert,Grassland	
Gnoll Pack Lord	mm	163	Humanoid	CE	Medium	2	Grassland,Desert,Forest,Hill	
Svirfneblin	mm	164	Humanoid	NG	Small	1/2	Underdark	
Goblin	mm	166	Humanoid	NE	Small	1/4	Grassland,Jungle,Forest,Underdark,Hill	
Goblin Boss	mm	166	Humanoid	NE	Small	1	Forest,Grassland,Hill,Underdark	
Clay Golem	mm	168	Construct	NN	Large	9		
Flesh Golem	mm	169	Construct	NN	Medium	5		
Iron Golem	mm	170	Construct	NN	Large	16		
Stone Golem	mm	170	Construct	NN	Large	10		
Gorgon	mm	171	Monstrosity	NN	Large	5	Forest,Grassland,Hill	
Grell	mm	172	Aberration	NE	Medium	3	Underdark	
Grick	mm	173	Monstrosity	NN	Medium	2	Forest,Underdark	
Grick Alpha	mm	173	Monstrosity	NN	Large	7	Underdark,Forest	
Griffon	mm	174	Monstrosity	NN	Large	2	Arctic,Hill,Mountain,Coastal,Grassland	
Grimlock	mm	175	Humanoid	NE	Medium	1/4	Underdark	
Green Hag	mm	177	Fey	NE	Medium	3	Forest,Swamp,Hill	
Night Hag	mm	178	Fiend	NE	Medium	5	Jungle	
Sea Hag	mm	179	Fey	CE	Medium	2	Coastal,Underwater	
Half-Red Dragon Veteran	mm	180	Humanoid	CE	Medium	5		
Half-Red Dragon Veteran	mm	180	Humanoid	CG	Medium	5		
Half-Red Dragon Veteran	mm	180	Humanoid	CN	Medium	5		
Half-Red Dragon Veteran	mm	180	Humanoid	LE	Medium	5		
Half-Red Dragon Veteran	mm	180	Humanoid	LG	Medium	5		
Half-Red Dragon Veteran	mm	180	Humanoid	LN	Medium	5		
Half-Red Dragon Veteran	mm	180	Humanoid	NE	Medium	5		
Half-Red Dragon Veteran	mm	180	Humanoid	NG	Medium	5		
Half-Red Dragon Veteran	mm	180	Humanoid	NN	Medium	5		
Harpy	mm	181	Monstrosity	CE	Medium	1	Forest,Coastal,Mountain,Hill	
Hell Hound	mm	182	Fiend	LE	Medium	3	Mountain,Underdark	
Helmed Horror	mm	183	Construct	NN	Medium	4		
Hippogriff	mm	184	Monstrosity	NN	Large	1	Grassland,Hill,Mountain	
Hobgoblin	mm	186	Humanoid	LE	Medium	1/2	Underdark,Hill,Forest,Grassland,Desert	
Hobgoblin Captain	mm	186	Humanoid	LE	Medium	3	Underdark,Hill,Desert,Grassland,Forest	
Hobgoblin Warlord	mm	187	Humanoid	LE	Medium	6	Desert,Grassland,Forest,Hill,Underdark	
Homunculus	mm	188	Construct	NN	Tiny	0		
Hook Horror	mm	189	Monstrosity	NN	Large	3	Underdark	
Hydra	mm	190	Monstrosity	NN	Huge	8	Swamp	
Intellect Devourer	mm	191	Aberration	LE	Tiny	2	Underdark	
Invisible Stalker	mm	192	Elemental	NN	Medium	6	Urban	
Jackalwere	mm	193	Humanoid	CE	Medium	1/2	Desert,Grassland	
Kenku	mm	194	Humanoid	CN	Medium	1/4	Urban,Forest	
Kobold	mm	195	Humanoid	LE	Small	1/8	Desert,Mountain,Urban,Arctic,Forest,Coastal,Swamp,Underdark,Hill	
Winged Kobold	mm	195	Humanoid	LE	Small	1/4	Mountain,Arctic,Urban,Desert,Swamp,Hill,Underdark,Forest,Coastal	
Kraken	mm	197	Monstrosity	CE	Gargantuan	23	Underwater	
Kuo-toa	mm	199	Humanoid	NE	Medium	1/4	Underdark	
Kuo-toa Archpriest	mm	200	Humanoid	NE	Medium	6	Underdark	
Kuo-toa Whip	mm	200	Humanoid	NE	Medium	1	Underdark	
Lamia	mm	201	Monstrosity	CE	Large	4	Desert	
Lich	mm	202	Undead	CE	Medium	21		
Lich	mm	202	Undead	LE	Medium	21		
Lich	mm	202	Undead	NE	Medium	21		
Lich (in lair)	mm	202	Undead	CE	Medium	22		
Lich (in lair)	mm	202	Undead	LE	Medium	22		
Lich (in lair)	mm	202	Undead	NE	Medium	22		
Lizardfolk	mm	204	Humanoid	NN	Medium	1/2	Swamp,Jungle,Forest	
Lizard King/Queen	mm	205	Humanoid	CE	Medium	4		
Lizardfolk Shaman	mm	205	Humanoid	NN	Medium	2	Forest,Swamp	
Werebear	mm	208	Humanoid	NG	Medium	5	Hill,Arctic,Forest	
Wereboar	mm	209	Humanoid	NE	Medium	4	Forest,Jungle,Grassland,Hill	
Wererat	mm	209	Humanoid	LE	Medium	2	Urban,Forest, Underdark	
Weretiger	mm	210	Humanoid	NN	Medium	4	Grassland,Desert,Jungle,Forest	
Werewolf	mm	211	Humanoid	CE	Medium	3	Hill,Forest	
Magmin	mm	212	Elemental	CN	Small	1/2	Underdark	
Manticore	mm	213	Monstrosity	LE	Large	3	Hill,Mountain,Arctic,Coastal,Grassland	
Medusa	mm	214	Monstrosity	LE	Medium	6	Desert	
Dust Mephit	mm	215	Elemental	NE	Small	1/2	Desert	
Ice Mephit	mm	215	Elemental	NE	Small	1/2	Arctic	
Magma Mephit	mm	216	Elemental	NE	Small	1/2	Underdark	
Mud Mephit	mm	216	Elemental	NE	Small	1/4	Swamp	
Smoke Mephit	mm	217	Elemental	NE	Small	1/4	Urban	
Steam Mephit	mm	217	Elemental	NE	Small	1/4	Underwater	
Merfolk	mm	218	Humanoid	NN	Medium	1/8	Underwater,Coastal	
Merrow	mm	219	Monstrosity	CE	Large	2	Underwater,Coastal	
Mimic	mm	220	Monstrosity	NN	Medium	2	Underdark,Urban	
Mind Flayer	mm	222	Aberration	LE	Medium	7	Underdark	
Mind Flayer Arcanist	mm	222	Aberration	LE	Medium	8	Underdark	
Minotaur	mm	223	Monstrosity	CE	Large	3	Underdark	
Monodrone	mm	224	Construct	LN	Medium	1/8		
Duodrone	mm	225	Construct	LN	Medium	1/4		
Tridrone	mm	225	Construct	LN	Medium	1/2		
Pentadrone	mm	226	Construct	LN	Large	2		
Quadrone	mm	226	Construct	LN	Medium	1		
Mummy	mm	228	Undead	LE	Medium	3	Desert	
Mummy Lord	mm	229	Undead	LE	Medium	15	Desert	
Mummy Lord (in lair)	mm	229	Undead	LE	Medium	16		
Myconid Sprout	mm	230	Plant	LN	Small	0	Underdark	
Quaggoth Spore Servant	mm	230	Plant	NN	Medium	1	Underdark	
Myconid Adult	mm	232	Plant	LN	Medium	1/2	Underdark	
Myconid Sovereign	mm	232	Plant	LN	Large	2	Underdark	
Bone Naga	mm	233	Undead	LE	Large	4	Underdark	
Guardian Naga	mm	234	Monstrosity	LG	Large	10	Forest,Desert	
Spirit Naga	mm	234	Monstrosity	CE	Large	8	Underdark	
Nightmare	mm	235	Fiend	NE	Large	3		
Nothic	mm	236	Aberration	NE	Medium	2	Underdark	
Ogre	mm	237	Giant	CE	Large	2	Arctic,Mountain,Desert,Hill,Underdark,Swamp,Coastal,Grassland,Forest	
Half-ogre	mm	238	Giant	CE	Large	1	Forest,Desert,Mountain,Underdark,Hill,Arctic,Urban	
Half-ogre	mm	238	Giant	CG	Large	1	Forest,Desert,Mountain,Underdark,Hill,Arctic,Urban	
Half-ogre	mm	238	Giant	CN	Large	1	Forest,Desert,Mountain,Underdark,Hill,Arctic,Urban	
Oni	mm	239	Giant	LE	Large	7	Forest,Urban	
Black Pudding	mm	241	Ooze	NN	Large	4	Underdark	
Gelatinous Cube	mm	242	Ooze	NN	Large	2	Underdark	CONTAINER
Gray Ooze	mm	243	Ooze	NN	Medium	1/2	Underdark	
Ochre Jelly	mm	243	Ooze	NN	Large	2	Underdark	
Orc	mm	246	Humanoid	CE	Medium	1/2	Mountain,Swamp,Hill,Underdark,Arctic,Forest,Grassland	
Orc War Chief	mm	246	Humanoid	CE	Medium	4		
Orc Eye of Gruumsh	mm	247	Humanoid	CE	Medium	2	Arctic,Underdark,Hill,Swamp,Mountain,Grassland,Forest	
Orog	mm	247	Humanoid	CE	Medium	2	Mountain,Hill,Underdark,Arctic,Forest,Grassland	
Otyugh	mm	248	Aberration	NN	Large	5	Underdark	
Owlbear	mm	249	Monstrosity	NN	Large	3	Forest	
Pegasus	mm	250	Celestial	CG	Large	2	Hill,Grassland,Forest	
Peryton	mm	251	Monstrosity	CE	Medium	2	Hill,Mountain	
Piercer	mm	252	Monstrosity	NN	Medium	1/2	Underdark	
Pixie	mm	253	Fey	NG	Tiny	1/4	Forest	
Pseudodragon	mm	254	Dragon	NG	Tiny	1/4	Forest,Desert,Coastal,Mountain,Hill,Urban	
Purple Worm	mm	255	Monstrosity	NN	Gargantuan	15	Underdark,Desert	
Quaggoth	mm	256	Humanoid	CN	Medium	2	Underdark	
Quaggoth Thonot	mm	256	Humanoid	CN	Medium	3	Underdark	
Rakshasa	mm	257	Fiend	LE	Medium	13	Urban	
Remorhaz	mm	258	Monstrosity	NN	Huge	11	Arctic	
Young Remorhaz	mm	258	Monstrosity	NN	Large	5	Arctic	
Revenant	mm	259	Undead	NN	Medium	5	Swamp,Hill,Arctic,Urban,Forest,Desert	
Roc	mm	260	Monstrosity	NN	Gargantuan	11	Mountain,Hill,Arctic,Desert,Coastal	
Roper	mm	261	Monstrosity	NE	Large	5	Underdark	
Rust Monster	mm	262	Monstrosity	NN	Medium	1/2	Underdark	
Sahuagin	mm	263	Humanoid	LE	Medium	1/2	Coastal,Underwater	
Sahuagin Baron	mm	264	Humanoid	LE	Large	5	Underwater,Coastal	
Sahuagin Priestess	mm	264	Humanoid	LE	Medium	2	Coastal,Underwater	
Fire Snake	mm	265	Elemental	NE	Medium	1	Underdark	
Salamander	mm	266	Elemental	NE	Large	5	Underdark	
Satyr	mm	267	Fey	CN	Medium	1/2	Forest	
Scarecrow	mm	268	Construct	CE	Medium	1	Grassland	
Shadow	mm	269	Undead	CE	Medium	1/2	Underdark,Urban	
Shambling Mound	mm	270	Plant	NN	Large	5	Forest,Swamp	
Shield Guardian	mm	271	Construct	NN	Large	7	Urban	
Skeleton	mm	272	Undead	LE	Medium	1/4	Urban, Underdark	
Minotaur Skeleton	mm	273	Undead	LE	Large	2	Underdark	
Warhorse Skeleton	mm	273	Undead	LE	Large	1/2		
Blue Slaad	mm	276	Aberration	CN	Large	7		
Red Slaad	mm	276	Aberration	CN	Large	5		
Slaad Tadpole	mm	276	Aberration	CN	Tiny	1/8		
Gray Slaad	mm	277	Aberration	CN	Medium	9	Urban	
Green Slaad	mm	277	Aberration	CN	Large	8		
Death Slaad	mm	278	Aberration	CE	Medium	10		
Specter	mm	279	Undead	CE	Medium	1	Urban,Underdark	
Specter (poltergeist)	mm	279	Undead	CE	Medium	2	Underdark	
Androsphinx	mm	281	Monstrosity	LN	Large	17	Desert	
Gynosphinx	mm	282	Monstrosity	LN	Large	11	Desert	
Sprite	mm	283	Fey	NG	Tiny	1/4	Forest	
Stirge	mm	284	Beast	NN	Tiny	1/8	Desert,Urban,Mountain,Grassland,Coastal,Jungle,Forest,Swamp,Hill,Underdark	
Incubus	mm	285	Fiend	NE	Medium	4	Urban	
Succubus	mm	285	Fiend	NE	Medium	4	Urban	
Tarrasque	mm	286	Monstrosity	NN	Gargantuan	30	Urban	
Thri-kreen	mm	288	Humanoid	CN	Medium	1	Grassland,Desert	
Treant	mm	289	Plant	CG	Huge	9	Forest	
Troglodyte	mm	290	Humanoid	CE	Medium	1/4	Underdark	
Troll	mm	291	Giant	CE	Large	5	Jungle,Forest,Mountain,Swamp,Hill,Underdark,Arctic	
Umber Hulk	mm	292	Monstrosity	CE	Large	5	Underdark	
Unicorn	mm	294	Celestial	LG	Large	5	Forest	
Vampire	mm	297	Undead	LE	Medium	13	Urban	
Vampire (spellcaster)	mm	297	Undead	LE	Medium	15	Urban	
Vampire (warrior)	mm	297	Undead	LE	Medium	15	Urban	
Vampire Spawn	mm	298	Undead	NE	Medium	5	Underdark,Urban	
Water Weird	mm	299	Elemental	NN	Large	3	Underdark,Urban	
Wight	mm	300	Undead	NE	Medium	3	Urban,Swamp,Underdark,Desert	
Will-o-wisp	mm	301	Undead	CE	Tiny	2	Urban,Swamp,Forest	
Wraith	mm	302	Undead	NE	Medium	5	Underdark	
Wyvern	mm	303	Dragon	NN	Large	6	Mountain,Hill	
Xorn	mm	304	Elemental	NN	Medium	5	Underdark	
Yeti	mm	305	Monstrosity	CE	Large	3	Arctic	
Abominable Yeti	mm	306	Monstrosity	CE	Huge	9	Arctic	
Yuan-ti Abomination	mm	308	Monstrosity	NE	Large	7	Swamp,Desert,Forest,Jungle	
Yuan-ti Malison	mm	309	Monstrosity	NE	Medium	3	Swamp,Jungle,Forest,Desert	
Yuan-ti Pureblood	mm	310	Humanoid	NE	Medium	1	Urban,Swamp,Desert,Forest,Jungle	
Arcanaloth	mm	313	Fiend	NE	Medium	12		
Mezzoloth	mm	313	Fiend	NE	Medium	5		
Nycaloth	mm	314	Fiend	NE	Large	9		
Ultroloth	mm	314	Fiend	NE	Medium	13		
Beholder Zombie	mm	316	Undead	NE	Large	5	Underdark	
Ogre Zombie	mm	316	Undead	NE	Large	2		
Zombie	mm	316	Undead	NE	Medium	1/4	Urban,Jungle,underdark	
Ape	mm	317	Beast	NN	Medium	1/2	Jungle,Forest	
Awakened Shrub	mm	317	Plant	NN	Small	0	Forest	
Awakened Tree	mm	317	Plant	NN	Huge	2	Forest	
Axe Beak	mm	317	Beast	NN	Large	1/4	Grassland,Jungle,Hill	
Baboon	mm	318	Beast	NN	Small	0	Hill,Forest,Jungle	
Badger	mm	318	Beast	NN	Tiny	0	Forest	
Bat	mm	318	Beast	NN	Tiny	0	Any	
Black Bear	mm	318	Beast	NN	Medium	1/2	Forest	
Blink Dog	mm	318	Fey	LG	Medium	1/4	Forest	
Blood Hawk	mm	319	Beast	NN	Small	1/8	Mountain,Hill,Arctic,Forest,Grassland,Coastal	
Boar	mm	319	Beast	NN	Medium	1/4	Hill,Grassland,Forest	
Brown Bear	mm	319	Beast	NN	Large	1	Arctic,Hill,Forest	
Camel	mm	320	Beast	NN	Large	1/8	Desert	
Cat	mm	320	Beast	NN	Tiny	0	Forest,Desert,Grassland,Urban	
Constrictor Snake	mm	320	Beast	NN	Large	1/4	Desert,Underwater,Forest,Jungle,Swamp	
Crab	mm	320	Beast	NN	Tiny	0	Coastal	
Crocodile	mm	320	Beast	NN	Large	1/2	Swamp,Urban	
Death Dog	mm	321	Monstrosity	NE	Medium	1	Desert	
Deer	mm	321	Beast	NN	Medium	0	Forest,Grassland	
Dire Wolf	mm	321	Beast	NN	Large	1	Forest,Hill	
Draft Horse	mm	321	Beast	NN	Large	1/4	Urban	
Eagle	mm	322	Beast	NN	Small	0	Mountain,Hill,Grassland,Coastal	
Elephant	mm	322	Beast	NN	Huge	4	Grassland	
Elk	mm	322	Beast	NN	Large	1/4	Forest,Grassland,Hill	
Flying Snake	mm	322	Beast	NN	Tiny	1/8	Forest,Jungle,Grassland,Desert,Urban	
Frog	mm	322	Beast	NN	Tiny	0	Aquatic,Marsh,Jungle,Swamp	
Giant Ape	mm	323	Beast	NN	Huge	7	Forest,Jungle	
Giant Badger	mm	323	Beast	NN	Medium	1/4	Forest	
Giant Bat	mm	323	Beast	NN	Large	1/4	Forest,Underdark	
Giant Boar	mm	323	Beast	NN	Large	2	Jungle,Forest,Grassland,Hill	
Giant Centipede	mm	323	Beast	NN	Small	1/4	Underdark,Urban	
Giant Constrictor Snake	mm	324	Beast	NN	Huge	2	Desert,Underwater,Forest,Jungle,Underdark,Swamp	
Giant Crab	mm	324	Beast	NN	Medium	1/8	Coastal	
Giant Crocodile	mm	324	Beast	NN	Huge	5	Swamp	
Giant Eagle	mm	324	Beast	NG	Large	1	Mountain,Hill,Grassland,Coastal	
Giant Elk	mm	325	Beast	NN	Huge	2	Forest,Grassland,Hill,Mountain	
Giant Fire Beetle	mm	325	Beast	NN	Small	0	Underdark	
Giant Frog	mm	325	Beast	NN	Medium	1/4	Swamp,Jungle,Forest	
Giant Goat	mm	326	Beast	NN	Large	1/2	Grassland,Hill,Mountain	
Giant Hyena	mm	326	Beast	NN	Large	1	Desert,Grassland,Forest,Hill	
Giant Lizard	mm	326	Beast	NN	Large	1/4	Underdark,Swamp,Coastal,Desert,Forest,Jungle	
Giant Octopus	mm	326	Beast	NN	Large	1	Underwater	
Giant Owl	mm	327	Beast	NN	Large	1/4	Hill,Arctic,Forest	
Giant Poisonous Snake	mm	327	Beast	NN	Medium	1/4	Underdark,Swamp,Urban,Forest,Jungle,Desert,Grassland	
Giant Rat	mm	327	Beast	NN	Small	1/8	Forest,Urban,Swamp,Underdark	
Giant Scorpion	mm	327	Beast	NN	Large	3	Jungle,Desert,Underdark	
Giant Sea Horse	mm	328	Beast	NN	Large	1/2	Underwater	
Giant Shark	mm	328	Beast	NN	Huge	5	Underwater	
Giant Spider	mm	328	Beast	NN	Large	1	Desert,Forest,Urban,Swamp,Underdark	
Giant Toad	mm	329	Beast	NN	Large	1	Desert,Coastal,Forest,Swamp,Underdark	
Giant Vulture	mm	329	Beast	NE	Large	1	Grassland,Desert	
Giant Wasp	mm	329	Beast	NN	Medium	1/2	Urban,Jungle,Forest,Grassland	
Giant Weasel	mm	329	Beast	NN	Medium	1/8	Hill,Grassland,Forest	
Giant Wolf Spider	mm	330	Beast	NN	Medium	1/4	Grassland,Desert,Coastal,Forest,Hill	
Goat	mm	330	Beast	NN	Medium	0	Grassland,Urban,Mountain,Hill	
Hawk	mm	330	Beast	NN	Tiny	0	Costal,Desert,Hill,Mountain,Plains	
Hunter Shark	mm	330	Beast	NN	Large	2	Underwater	
Hyena	mm	331	Beast	NN	Medium	0	Hill,Forest,Desert,Grassland	
Jackal	mm	331	Beast	NN	Small	0	Desert,Grassland	
Killer Whale	mm	331	Beast	NN	Huge	3	Underwater	
Lion	mm	331	Beast	NN	Large	1	Desert,Grassland,Mountain,Hill	
Lizard	mm	332	Beast	NN	Tiny	0	Jungle	
Mammoth	mm	332	Beast	NN	Huge	6	Arctic	
Mastiff	mm	332	Beast	NN	Medium	1/8	Urban,Hill,Forest	
Mule	mm	333	Beast	NN	Medium	1/8	Urban,Hill,Desert	
Octopus	mm	333	Beast	NN	Small	0	Aquatic,Underwater	
Owl	mm	333	Beast	NN	Tiny	0	Arctic,Forest	
Panther	mm	333	Beast	NN	Medium	1/4	Hill,Forest,Grassland	
Cave Bear	mm	334	Beast	NN	Large	2		
Phase Spider	mm	334	Monstrosity	NN	Large	3	Hill,Underdark,Urban,Forest,Desert,Grassland	
Poisonous Snake	mm	334	Beast	NN	Tiny	1/8	Hill,Swamp,Forest,Jungle,Coastal,Grassland,Desert	
Polar Bear	mm	334	Beast	NN	Large	2	Arctic,Underdark	
Pony	mm	335	Beast	NN	Medium	1/8	Urban	
Quipper	mm	335	Beast	NN	Tiny	0	Underwater	
Rat	mm	335	Beast	NN	Tiny	0	Swamp,Urban, Underdark	
Raven	mm	335	Beast	NN	Tiny	0	Swamp,Hill,Urban	
Reef Shark	mm	336	Beast	NN	Medium	1/2	Underwater	
Rhinoceros	mm	336	Beast	NN	Large	2	Grassland	
Riding Horse	mm	336	Beast	NN	Large	1/4	Urban,Grassland	
Saber-toothed Tiger	mm	336	Beast	NN	Large	2	Arctic,Mountain	
Scorpion	mm	337	Beast	NN	Tiny	0	Desert	
Sea Horse	mm	337	Beast	NN	Tiny	0	Aquatic,Underwater	
Spider	mm	337	Beast	NN	Tiny	0	Jungle	
Swarm of Bats	mm	337	Beast	NN	Medium	1/4	Jungle,Mountain,Hill,Underdark,Urban	
Swarm of Insects	mm	338	Beast	NN	Medium	1/2	Urban,Desert,Underdark,Hill,Swamp,Grassland,Forest,Jungle	
Swarm of Poisonous Snakes	mm	338	Beast	NN	Medium	2	Swamp,Jungle,Forest	
Swarm of Quippers	mm	338	Beast	NN	Medium	1	Underwater	
Swarm of Rats	mm	339	Beast	NN	Medium	1/4	Urban,Swamp,Underdark	
Swarm of Ravens	mm	339	Beast	NN	Medium	1/4	Forest,Urban,Swamp,Hill	
Tiger	mm	339	Beast	NN	Large	1	Forest,Grassland	
Vulture	mm	339	Beast	NN	Medium	0	Hill,Desert,Grassland	
Warhorse	mm	340	Beast	NN	Large	1/2	Urban	
Weasel	mm	340	Beast	NN	Tiny	0	Any	
Winter Wolf	mm	340	Monstrosity	NE	Large	3	Arctic	
Wolf	mm	341	Beast	NN	Medium	1/4	Hill,Grassland,Forest	
Worg	mm	341	Monstrosity	NE	Large	1/2	Hill,Grassland,Forest	
Allip	mtf	116	Undead	NE	Medium	5	Urban,Swamp	
Astral Dreadnought	mtf	117	Monstrosity	NN	Gargantuan	21		
Balhannoth	mtf	118	Aberration	CE	Large	11	Underdark,Mountain,Coastal	
Berbalang	mtf	120	Aberration	NE	Medium	2	Desert	
Boneclaw	mtf	121	Undead	CE	Large	12	Desert,Urban,Arctic	
Cadaver Collector	mtf	122	Construct	LE	Large	14	Grassland	
Choker	mtf	123	Aberration	CE	Small	1	Forest,Mountain,Underdark	
Bronze Scout	mtf	125	Construct	NN	Medium	1	Forest,Grassland,Mountain,Hill	
Iron Cobra	mtf	125	Construct	NN	Medium	4	Forest,Grassland,Mountain,Hill	
Oaken Bolter	mtf	126	Construct	NN	Medium	5	Forest,Grassland,Hill,Mountain	
Stone Defender	mtf	126	Construct	NN	Medium	4	Mountain,Hill,Grassland,Forest	
Corpse Flower	mtf	127	Plant	CE	Large	8	Forest,Urban,Swamp	
Deathlock	mtf	128	Undead	NE	Medium	4	Urban	
Deathlock Mastermind	mtf	129	Undead	NE	Medium	8	Urban	
Deathlock Wight	mtf	129	Undead	NE	Medium	3		
Alkilith	mtf	130	Fiend	CE	Medium	11	Urban,Underdark	
Armanite	mtf	131	Fiend	CE	Large	7	Underdark	
Bulezau	mtf	131	Fiend	CE	Medium	3		
Dybbuk	mtf	132	Fiend	CE	Medium	4	Desert,Urban	
Maurezhi	mtf	133	Fiend	CE	Medium	7	Swamp,Urban	
Molydeus	mtf	134	Fiend	CE	Huge	21		
Nabassu	mtf	135	Fiend	CE	Medium	15	Urban,Swamp,Underdark	
Abyssal Wretch	mtf	136	Fiend	CE	Medium	1/4		
Rutterkin	mtf	136	Fiend	CE	Medium	2		
Sibriex	mtf	137	Fiend	CE	Huge	18	Underdark	
Wastrilith	mtf	139	Fiend	CE	Large	13	Underdark,Swamp,Underwater,Coastal	
Derro	mtf	158	Humanoid	CE	Small	1/4	Underdark,Mountain	
Derro Savant	mtf	159	Humanoid	CE	Small	3	Underdark	
Black Abishai	mtf	160	Fiend	LE	Medium	7	Urban	
Blue Abishai	mtf	161	Fiend	LE	Medium	17	Urban,Coastal	
Green Abishai	mtf	162	Fiend	LE	Medium	15	Urban	
Red Abishai	mtf	162	Fiend	LE	Medium	19	Mountain,Urban	
White Abishai	mtf	163	Fiend	LE	Medium	6	Urban	
Amnizu	mtf	164	Fiend	LE	Medium	18		
Hellfire Engine	mtf	165	Construct	LE	Huge	16		
Merregon	mtf	166	Fiend	LE	Medium	4		
Narzugon	mtf	167	Fiend	LE	Medium	13		
Nupperibo	mtf	168	Fiend	LE	Medium	1/2		
Orthon	mtf	169	Fiend	LE	Large	10	Underdark,Urban,Desert	
Drow Arachnomancer	mtf	182	Humanoid	CE	Medium	13	Underdark	
Drow Favored Consort	mtf	183	Humanoid	NE	Medium	18	Underdark	
Drow House Captain	mtf	184	Humanoid	NE	Medium	9	Underdark	
Drow Inquisitor	mtf	184	Humanoid	NE	Medium	14	Underdark	
Drow Matron Mother	mtf	186	Humanoid	NE	Medium	20	Underdark	
Drow Shadowblade	mtf	187	Humanoid	NE	Medium	11	Underdark	
Duergar Despot	mtf	188	Humanoid	LE	Medium	12	Mountain,Underdark	
Duergar Hammerer	mtf	188	Construct	LE	Medium	2	Mountain,Underdark	
Duergar Kavalrachni	mtf	189	Humanoid	LE	Medium	2	Mountain,Underdark	
Duergar Mind Master	mtf	189	Humanoid	LE	Medium	2	Underdark,Mountain	
Duergar Screamer	mtf	190	Construct	LE	Medium	3	Mountain,Underdark	
Duergar Soulblade	mtf	190	Humanoid	LE	Medium	1	Mountain,Underdark	
Duergar Stone Guard	mtf	191	Humanoid	LE	Medium	2	Mountain,Underdark	
Duergar Warlord	mtf	192	Humanoid	LE	Medium	6	Mountain,Underdark	
Duergar Xarrorn	mtf	193	Humanoid	LE	Medium	2	Underdark,Mountain	
Eidolon	mtf	194	Undead	CE	Medium	12	Urban,Mountain,Grassland,Desert,Coastal,Forest	
Eidolon	mtf	194	Undead	CG	Medium	12	Urban,Mountain,Grassland,Desert,Coastal,Forest	
Eidolon	mtf	194	Undead	CN	Medium	12	Urban,Mountain,Grassland,Desert,Coastal,Forest	
Eidolon	mtf	194	Undead	LE	Medium	12	Urban,Mountain,Grassland,Desert,Coastal,Forest	
Eidolon	mtf	194	Undead	LG	Medium	12	Urban,Mountain,Grassland,Desert,Coastal,Forest	
Eidolon	mtf	194	Undead	LN	Medium	12	Urban,Mountain,Grassland,Desert,Coastal,Forest	
Eidolon	mtf	194	Undead	NE	Medium	12	Urban,Mountain,Grassland,Desert,Coastal,Forest	
Eidolon	mtf	194	Undead	NG	Medium	12	Urban,Mountain,Grassland,Desert,Coastal,Forest	
Eidolon	mtf	194	Undead	NN	Medium	12	Urban,Mountain,Grassland,Desert,Coastal,Forest	
Autumn Eladrin	mtf	195	Fey	CN	Medium	10	Forest	
Spring Eladrin	mtf	196	Fey	CN	Medium	10	Forest,Grassland	
Summer Eladrin	mtf	196	Fey	CN	Medium	10	Forest,Desert	
Winter Eladrin	mtf	197	Fey	CN	Medium	10	Forest,Arctic	
Leviathan	mtf	198	Elemental	NN	Gargantuan	20	Coastal,Underwater	
Phoenix	mtf	199	Elemental	NN	Gargantuan	16	Mountain,Desert	
Elder Tempest	mtf	200	Elemental	NN	Gargantuan	23	Arctic,Mountain,Hill,Grassland,Coastal	
Zaratan	mtf	201	Elemental	NN	Gargantuan	22	Forest,Grassland,Desert,Hill,Underdark,Mountain	
Air Elemental Myrmidon	mtf	202	Elemental	NN	Medium	7		
Earth Elemental Myrmidon	mtf	202	Elemental	NN	Medium	7		
Fire Elemental Myrmidon	mtf	203	Elemental	NN	Medium	7		
Water Elemental Myrmidon	mtf	203	Elemental	NN	Medium	7		
Giff	mtf	204	Humanoid	LN	Medium	3	Urban	
Githyanki Gish	mtf	205	Humanoid	LE	Medium	10	Mountain,Urban,Desert	
Githyanki Kith'rak	mtf	205	Humanoid	LE	Medium	12	Desert,Urban,Mountain	
Githyanki Supreme Commander	mtf	206	Humanoid	LE	Medium	14	Mountain,Urban,Desert	
Githzerai Anarch	mtf	207	Humanoid	LN	Medium	16		
Githzerai Enlightened	mtf	208	Humanoid	LN	Medium	10	Mountain,Urban,Desert	
Gray Render	mtf	209	Monstrosity	CN	Large	12	Forest,Hill	
Howler	mtf	210	Fiend	CE	Large	8	Desert,Grassland,Hill,Underdark	
Young Kruthik	mtf	211	Monstrosity	NN	Small	1/8	Desert,Mountain,Underdark	
Adult Kruthik	mtf	212	Monstrosity	NN	Medium	2	Mountain,Underdark,Desert	
Kruthik Hive Lord	mtf	212	Monstrosity	NN	Large	5	Desert,Underdark,Mountain	
Marut	mtf	213	Construct	LN	Large	25		
Meazel	mtf	214	Humanoid	NE	Medium	1	Grassland,Forest,Swamp,Hill,Underdark,Desert,Urban,Mountain	
Nagpa	mtf	215	Humanoid	NE	Medium	17	Coastal,Desert,Forest,Urban,Underdark,Swamp	
Nightwalker	mtf	216	Undead	CE	Huge	20	Desert,Arctic,Underdark,Swamp	
Oblex Spawn	mtf	217	Ooze	LE	Tiny	1/4	Urban,Swamp,Underdark	
Adult Oblex	mtf	218	Ooze	LE	Medium	5	Urban,Swamp,Underdark	
Elder Oblex	mtf	219	Ooze	LE	Huge	10	Swamp,Underdark,Urban	
Ogre Battering Ram	mtf	220	Giant	CE	Large	4	Hill,Mountain,Grassland	
Ogre Bolt Launcher	mtf	220	Giant	CE	Large	2	Grassland,Mountain,Hill	
Ogre Chain Brute	mtf	221	Giant	CE	Large	3	Mountain,Hill,Grassland	
Ogre Howdah	mtf	221	Giant	CE	Large	2	Mountain,Hill,Grassland	
Retriever	mtf	222	Construct	LE	Large	14	Desert,Forest,Underdark	
Frost Salamander	mtf	223	Elemental	NN	Huge	9	Arctic	
Gloom Weaver	mtf	224	Humanoid	NN	Medium	9	Urban,Underdark	
Shadow Dancer	mtf	225	Humanoid	NN	Medium	7	Urban,Underdark,Forest	
Soul Monger	mtf	226	Humanoid	NN	Medium	11	Urban,Underdark	
Skulk	mtf	227	Humanoid	CN	Medium	1/2	Coastal,Forest,Urban,Underdark,Swamp	
Skull Lord	mtf	230	Undead	LE	Medium	15	Desert,Swamp,Underdark	
Angry Sorrowsworn	mtf	231	Monstrosity	NE	Medium	13	Underdark,Urban	
Hungry Sorrowsworn	mtf	232	Monstrosity	NE	Medium	11	Underdark,Urban,Forest	
Lonely Sorrowsworn	mtf	232	Monstrosity	NE	Medium	9	Mountain,Underdark,Urban,Desert,Coastal	
Lost Sorrowsworn	mtf	233	Monstrosity	NE	Medium	7	Arctic,Urban,Swamp,Mountain,Underdark,Desert,Forest	
Wretched Sorrowsworn	mtf	233	Monstrosity	NE	Small	1/4	Underdark,Swamp,Urban	
Star Spawn Grue	mtf	234	Aberration	NE	Small	1/4	Swamp,Mountain	
Star Spawn Hulk	mtf	234	Aberration	CE	Large	10		
Star Spawn Larva Mage	mtf	235	Aberration	CE	Medium	16	Mountain	
Star Spawn Mangler	mtf	236	Aberration	CE	Medium	5		
Star Spawn Seer	mtf	236	Aberration	NE	Medium	13	Mountain,Swamp,Urban	
Female Steeder	mtf	238	Monstrosity	NN	Large	1	Underdark	
Male Steeder	mtf	238	Monstrosity	NN	Medium	1/4	Underdark	
Steel Predator	mtf	239	Construct	LE	Large	16	Urban	
Stone Cursed	mtf	240	Construct	LE	Medium	1	Urban,Mountain,Desert	
Sword Wraith Commander	mtf	241	Undead	LE	Medium	8	Grassland,Swamp	
Sword Wraith Warrior	mtf	241	Undead	LE	Medium	3	Grassland,Swamp	
Tortle	mtf	242	Humanoid	LG	Medium	1/4	Coastal	
Tortle Druid	mtf	242	Humanoid	LN	Medium	2	Coastal	
Dire Troll	mtf	243	Giant	CE	Huge	13	Mountain,Underdark,Hill,Arctic,Forest	
Rot Troll	mtf	244	Giant	CE	Large	9	Forest,Desert,Underdark,Swamp	
Spirit Troll	mtf	244	Giant	CE	Large	11	Forest,Coastal,Underdark,Swamp	
Venom Troll	mtf	245	Giant	CE	Large	7	Underdark,Swamp,Forest	
Vampiric Mist	mtf	246	Undead	CE	Medium	3	Underdark,Swamp,Forest,Coastal,Grassland,Mountain,Arctic,Urban	
Canoloth	mtf	247	Fiend	NE	Medium	8	Urban,Underdark,Coastal	
Dhergoloth	mtf	248	Fiend	NE	Medium	7	Underdark	
Hydroloth	mtf	249	Fiend	NE	Medium	9		
Merrenoloth	mtf	250	Fiend	NE	Medium	3	Coastal	
Oinoloth	mtf	251	Fiend	NE	Medium	12	Desert,Underdark	
Yagnoloth	mtf	252	Fiend	NE	Large	11	Urban	
Aboleth, Nihileth	tob	8	Undead	CE	Large	12	Any	
Nihilethic Zombie	tob	9	Undead	NE	Medium	1		
Abominable Beauty	tob	11	Elemental	NE	Medium	11	Any	
Accursed Defiler	tob	12	Undead	NE	Medium	4	Badlands,Desert	
Ala	tob	13	Fey	CE	Medium	8	Any	
Algorith	tob	14	Celestial	LN	Medium	10	Any	
Alseid	tob	15	Monstrosity	CN	Medium	1/2	Forest	
Alseid Grovekeeper	tob	15	Monstrosity	CN	Medium	3		
Amphiptere	tob	16	Beast	NN	Medium	3		
Andrenjinyi	tob	17	Celestial	NN	Gargantuan	15	Any	
Angatra	tob	19	Undead	NE	Medium	6	Forest	
Angel, Chained	tob	20	Celestial	NE	Medium	8	Any	
Angel, Fidele	tob	21	Celestial	LG	Medium	5	Any	
Angler Worm	tob	22	Monstrosity	NN	Huge	4	Underdark	
Ant Queen, Giant	tob	23	Beast	NN	Large	4	Any	
Ant, Giant	tob	23	Beast	NN	Large	2	Any	
Anubian	tob	24	Elemental	CE	Medium	2	Any	
Arboreal Grappler	tob	25	Abberation	NE	Medium	3	Forest	
Aridni	tob	26	Fey	NE	Small	5	Any	
Asanbosam	tob	27	Abberation	CE	Large	5	Forest	
Azza Gremlin	tob	28	Fey	NN	Small	1/4	Any	
Baba Yaga’s Horsemen, Base	tob	30	Fey	LN	Medium	11		
Bagiennik	tob	31	Abberation	CN	Medium	3	Forest,Marsh	
Bastet Temple Cat	tob	32	Beast	CN	Small	1	Urban	
Bearfolk	tob	33	Humanoid	CG	Medium	3	Forest	
Behtu	tob	34	Humanoid	CE	Small	2	Forest	
Beli	tob	35	Fey	NE	Small	2	Any	
Bereginyas	tob	36	Fey	NE	Tiny	4	Mountain	
Blemmyes	tob	37	Monstrosity	CE	Large	8	Hill,Mountain	
Boloti	tob	38	Fey	NE	Tiny	1	Marsh	
Bone Collective	tob	39	Undead	CE	Small	8	Any	
Bone Crab	tob	40	Beast	NN	Small	1/2	Aquatic	
Bone Swarm	tob	41	Undead	CE	Large	10	Any	
Boreas	tob	42	Elemental	CE	Medium	17	Any	
Bouda	tob	44	Fiend	NE	Medium	5	Any	
Broodiken	tob	45	Construct	NN	Tiny	1	Any	
Bucca	tob	46	Fey	NE	Tiny	1/2	Any	
Bukavac	tob	47	Monstrosity	NE	Large	9	Forest,Marsh	
Buraq	tob	48	Celestial	LG	Medium	11	Any	
Burrowling	tob	49	Humanoid	LN	Small	1/2	Plains	
Cactid	tob	50	Plant	NN	Large	3	Desert	
Cambium	tob	51	Fiend	NE	Large	14	Underdark,Urban	
Carrion Beetle	tob	52	Beast	NN	Large	4	Any	
Cavelight Moss	tob	53	Plant	NN	Large	4	Underdark	
Chelicerae	tob	54	Abberation	NE	Large	7	Badlands	
Chernomoi	tob	55	Fey	NN	Tiny	1	Urban	
Child of the Briar	tob	56	Plant	NE	Tiny	1	Forest	
Chronalmental	tob	57	Elemental	NN	Large	8	Any	
Cikavak	tob	58	Beast	NN	Tiny	1/8	Any	
Clockwork Abomination	tob	59	Fiend	LE	Large	5	Any	
Clockwork Beetle	tob	60	Construct	NN	Tiny	1/2	Any	
Clockwork Beetle Swarm	tob	61	Construct	NN	Large	3	Any	
Clockwork Hound	tob	62	Construct	NN	Medium	2	Forest,Urban	
Clockwork Huntsman	tob	63	Construct	NN	Medium	3	Forest,Urban	
Clockwork Myrmidon	tob	64	Construct	NN	Large	6	Forest,Plains,Urban	
Clockwork Watchman	tob	65	Construct	NN	Medium	1/2	Urban	
Clockwork Weaving Spider	tob	66	Construct	NN	Tiny	1	Urban	
Clurichaun	tob	67	Fey	CN	Tiny	1/4	Urban	
Cobbleswarm	tob	68	Monstrosity	NN	Medium	2	Underdark,Urban	
Corpse Mound	tob	69	Undead	NE	Huge	11	Any	
Dau	tob	70	Fey	CN	Small	4	Desert	
Death Butterfly Swarm	tob	71	Beast	CE	Large	4	Forest,Plains	
Death Butterfly Swarm, Greater	tob	71	Beast	CE	Huge	6	Forest,Plains	
Deathwisp	tob	72	Undead	NE	Medium	7	Any	
Deep One	tob	73	Humanoid	CE	Medium	2		
Deep One Hybrid Priest	tob	73	Humanoid	CE	Medium	4		
Deep One Archimandrite	tob	74	Humanoid	CE	Large	8	Aquatic	
Demon, Apau Perape	tob	75	Fiend	CE	Large	6	Any	
Demon, Berstuc	tob	76	Fiend	CE	Large	11	Any	
Demon, Kishi	tob	77	Fiend	CE	Medium	8	Any	
Demon, Malakbel	tob	78	Fiend	CE	Medium	9	Any	
Demon, Psoglav	tob	79	Fiend	CE	Large	7	Any	
Demon, Rubezahl	tob	80	Fiend	CE	Medium	10	Any	
Demon Lord of Cockroaches Akyishigal	tob	82	Fiend	CE	Large	12		
Spawn of Akyishigal	tob	83	Fiend	CE	Medium	5	Any	
Demon Lord of Night Alquam	tob	84	Fiend	CE	Huge	21		
Demon Lord of Bats and Fire Camazotz	tob	85	Fiend	CE	Large	22		
Skin Bat	tob	87	Fiend	NE	Small	1/2	Any	
Demon Lord of Apes, Mechuiti	tob	88	Fiend	CE	Gargantuan	27		
Demon Lord of the Devouring Worm Qorgeth	tob	90	Fiend	CE	Gargantuan	23		
Derro Fetal Savant	tob	92	Humanoid	CE	Tiny	4	Underdark	
Derro Shadow Antipaladin	tob	93	Humanoid	CE	Small	5	Underdark	
Devil, Arbeyach	tob	95	Fiend	LE	Large	21		
Spawn of Arbeyach	tob	97	Fiend	LE	Medium	5		
Devil, Ia’Affrat	tob	98	Fiend	LE	Large	15		
Devil, Mammon	tob	99	Fiend	LE	Huge	25		
Devil, Totivillus, Scribe of Hell	tob	101	Fiend	LE	Medium	24		
Devil, Automata	tob	102	Fiend	LE	Large	10	Any	
Devil, Chort	tob	104	Fiend	LE	Medium	12	Any	
Devil, Crystalline	tob	105	Fiend	LE	Medium	6	Underdark,Urban	
Devil, Gilded	tob	106	Fiend	LE	Medium	7	Any	
Devil, Ink	tob	108	Fiend	LE	Small	2		
Devil, Koralk (Harvester Devil)	tob	108	Fiend	LE	Large	11		
Devil, Lunar	tob	110	Fiend	LE	Large	8	Any	
Devil, Orobas	tob	111	Fiend	LE	Large	14	Any	
Devil, Salt	tob	113	Fiend	LE	Medium	6	Desert	
Dinosaur, Mbielu	tob	114	Beast	NN	Huge	3	Aquatic,Marsh,Plains	
Dinosaur, Ngobou	tob	115	Beast	NN	Large	5	Plains	
Dinosaur, Spinosaurus	tob	116	Beast	NN	Gargantuan	13	Forest,Marsh	
Dinosaur, Young Spinosaurus	tob	117	Beast	NN	Huge	5		
Dipsa	tob	118	Ooze	NN	Tiny	1/4	Marsh	
Dissimortuum	tob	119	Undead	CE	Medium	7	Any	
Dogmole	tob	120	Beast	NN	Medium	1	Forest,Hill,Mountain	
Dogmole Juggernaut	tob	121	Monstrosity	NN	Large	5	Hill,Mountain,Underdark	
Domovoi	tob	122	Fey	CN	Medium	4	Desert,Forest	
Doppelrat	tob	123	Monstrosity	NN	Tiny	2	Underdark,Urban	
Dorreq	tob	124	Abberation	NE	Medium	4	Badlands	
Adult Cave Dragon	tob	125	Dragon	NE	Huge	16	Underdark	
Cave Dragon Wyrmling	tob	127	Dragon	NE	Medium	2	Underdark	
Young Cave Dragon	tob	127	Dragon	NE	Large	8	Underdark	
Ancient Flame Dragon	tob	128	Dragon	CE	Gargantuan	24	Mountain,Underdark	
Adult Flame Dragon	tob	129	Dragon	CE	Huge	16	Mountain,Underdark	
Young Flame Dragon	tob	130	Dragon	CE	Large	9	Mountain,Underdark	
Flame Dragon Wyrmling	tob	131	Dragon	CE	Medium	3	Mountain,Underdark	
Ancient Mithral Dragon	tob	132	Dragon	NN	Gargantuan	18	Mountain	
Adult Mithral Dragon	tob	133	Dragon	NN	Huge	14	Mountain	
Young Mithral Dragon	tob	134	Dragon	NN	Medium	6	Mountain	
Adult Sea Dragon	tob	135	Dragon	NE	Huge	16	Aquatic	
Ancient Sea Dragon	tob	135	Dragon	NE	Gargantuan	22	Aquatic	
Sea Dragon Qyrmling	tob	136	Dragon	NE	Medium	2		
Young Sea Dragon	tob	136	Dragon	NE	Large	9	Aquatic,Mountain	
Ancient Void Dragon	tob	138	Dragon	CN	Gargantuan	24	Badlands,Mountain	
Adult Void Dragon	tob	139	Dragon	CN	Huge	14	Badlands,Mountain	
Void Dragon Wyrmling	tob	140	Dragon	CN	Medium	2	Mountain	
Young Void Dragon	tob	140	Dragon	CN	Large	9	Mountain	
Ancient Wind Dragon	tob	142	Dragon	CN	Gargantuan	22	Mountain,Plains	
Adult Wind Dragon	tob	143	Dragon	CN	Huge	17	Mountain,Plains	
Young Wind Dragon	tob	144	Dragon	CN	Large	6	Mountain,Plains	
Wind Dragon Wyrmling	tob	145	Dragon	CN	Medium	1	Hill,Mountain,Plains	
Dragon Eel	tob	146	Dragon	NN	Huge	12	Aquatic,Underdark	
Dragonleaf Tree	tob	147	Plant	NN	Large	8	Forest,Urban	
Drake, Alehouse	tob	148	Dragon	CN	Tiny	1/2	Urban	
Drake, Ash	tob	149	Dragon	NE	Small	4	Mountain,Urban	
Drake, Coral	tob	150	Dragon	NE	Medium	7	Aquatic	
Drake, Crimson	tob	151	Dragon	CE	Tiny	1	Forest	
Drake, Deep	tob	152	Dragon	CE	Large	9	Underdark	
Drake, Elder Shadow	tob	153	Dragon	CE	Large	7	Forest	
Drake, Paper	tob	154	Dragon	NN	Small	2	Urban	
Drake, Rust	tob	155	Dragon	CE	Medium	8	Underdark,Urban	
Drake, Star	tob	156	Dragon	NN	Large	15	Hill,Mountain	
Drakon	tob	157	Beast	NN	Large	5		
Dream Eater	tob	158	Fiend	LE	Medium	5	Underdark,Urban	
Drowned Maiden	tob	159	Undead	NE	Medium	5	Aquatic	
Dryad, Duskthorn	tob	160	Fey	C	Medium	3	Forest	
Dullahan	tob	161	Fey	LE	Large	11	Any	
Dune Mimic	tob	162	Monstrosity	NN	Huge	8	Desert,Plains	
Eala	tob	163	Monstrosity	NN	Small	2	Any	
Eater of Dust	tob	164	Abberation	NE	Medium	9	Any	
Edimmu	tob	165	Undead	CE	Medium	4	Desert	
Eel Hound	tob	166	Fey	NN	Medium	2	Aquatic	
Einherjar	tob	167	Humanoid	CN	Medium	7		
Eleinomae	tob	168	Fey	CE	Medium	5	Marsh	
Elemental Locus	tob	169	Elemental	NN	Gargantuan	17	Any	
Elves, Shadow Fey, Duelist	tob	171	Humanoid	LE	Medium	6		
Elves, Shadow Fey, Elf	tob	171	Humanoid	LE	Medium	1/4		
Elves, Shadow Fey, Enchantress	tob	172	Humanoid	LE	Medium	7		
Elves, Shadow Fey, Forest Hunter	tob	173	Humanoid	LE	Medium	5		
Elves, Shadow Fey, Guardian	tob	174	Humanoid	NE	Large	4		
Emerald Eye	tob	175	Construct	CE	Tiny	1	Any	
Empty Cloak	tob	176	Construct	NN	Medium	1/2	Any	
Eonic Drifter	tob	177	Humanoid	CN	Medium	1	Any	
Erina Defender	tob	178	Humanoid	NN	Small	1	Forest,Hill,Plains	
Erina Scrounger	tob	178	Humanoid	NN	Small	1/4	Forest,Hill,Plains	
Far Darrig	tob	179	Fey	NN	Small	3	Forest,Plains	
Fate Eater	tob	180	Abberation	NN	Medium	6	Any	
Fear Smith	tob	181	Fey	CN	Medium	10		
Fellforged	tob	182	Construct	LE	Medium	5	Any	
Fext	tob	183	Undead	CE	Medium	6	Any	
Fext	tob	183	Undead	CG	Medium	6	Any	
Fext	tob	183	Undead	CN	Medium	6	Any	
Fext	tob	183	Undead	LE	Medium	6	Any	
Fext	tob	183	Undead	LG	Medium	6	Any	
Fext	tob	183	Undead	LN	Medium	6	Any	
Fext	tob	183	Undead	NE	Medium	6	Any	
Fext	tob	183	Undead	NG	Medium	6	Any	
Fext	tob	183	Undead	NN	Medium	6	Any	
Fey Lord, Bear King	tob	186	Fey	LN	Medium	12		
Fey Lord of the Hunt	tob	188	Fey	LN	Medium	18		
Fey Lord, Moonlit King	tob	190	Fey	NG	Medium	17		
Fey Queen of Night and Magic	tob	192	Fey	NE	Medium	21		
Fey Queen of Witches	tob	194	Fey	NN	Large	17		
Fey Lord, River King	tob	196	Fey	CN	Medium	16		
Fey Snow Queen	tob	198	Fey	NE	Medium	16		
Feyward Tree	tob	200	Construct	NN	Huge	8	Any	
Firebird	tob	201	Celestial	NG	Small	4	Any	
Firegeist	tob	202	Elemental	NE	Small	2	Any	
Flutterflesh	tob	203	Undead	CE	Large	12	Any	
Folk of Leng	tob	204	Humanoid	NE	Medium	2	Any	
Forest Marauder	tob	205	Giant	CE	Large	4	Badlands,Forest	
Fraughashar	tob	206	Fey	NE	Small	1/2		
Frostveil	tob	207	Plant	NN	Medium	4	Hill,Plains	
Garroter Crab	tob	208	Beast	NN	Tiny	1/4	Aquatic	
Gbahali	tob	209	Beast	NN	Huge	6	Plains	
Gearforged Templar	tob	210	Humanoid	LN	Medium	6	Any	
Genie, Al-Aeshma	tob	211	Elemental	CE	Large	9	Any	
Gerridae	tob	212	Fey	NN	Large	1	Aquatic	
Ghoul, Beggar	tob	213	Undead	CE	Medium	1/2	Underdark,Urban	
Ghoul, Bonepowder	tob	214	Undead	NE	Small	12	Underdark	
Ghoul, Darakhul	tob	216	Undead	NE	Medium	3	Underdark	
Ghoul, Emperor	tob	218	Undead	NE	Medium	20		
Ghoul, Imperial	tob	220	Undead	LE	Medium	4	Underdark	
Ghoul, Iron	tob	221	Undead	LE	Medium	5	Underdark	
Desert Giant	tob	222	Giant	NN	Huge	9	Desert	
Flab Giant	tob	223	Giant	CE	Large	4	Hill,Mountain	
Hraesvelgr the Corpse Swallower	tob	224	Giant	NN	Huge	19		
Jotun Giant	tob	226	Giant	CN	Gargantuan	22	Hill,Mountain,Plains	
Thursir Giant	tob	227	Giant	LE	Large	3	Any	
Thursir Giant	tob	227	Giant	NE	Large	3	Any	
Glass Gator	tob	228	Beast	NN	Large	1	Aquatic,Marsh	
Gnarljak	tob	229	Construct	NN	Small	6	Underdark,Urban	
Gnoll Havoc Runner	tob	230	Humanoid	CE	Medium	3	Desert,Plains	
Goat-Man	tob	231	Monstrosity	CE	Medium	3	Badlands,Forest,Hill	
Dust Goblin	tob	232	Humanoid	NE	Small	1/4	Badlands,Desert,Underdark	
Eye Golem	tob	233	Construct	NN	Large	11	Any	
Hoard Golem	tob	234	Construct	NN	Huge	12	Any	
Salt Golem	tob	235	Construct	NN	Large	10	Aquatic,Desert	
Smaragdine Golem	tob	236	Construct	NN	Large	14	Any	
Steam Golem	tob	237	Construct	NN	Large	13	Any	
Gray Thirster	tob	238	Undead	NE	Medium	2	Desert	
Rum Gremlin	tob	239	Fey	CE	Tiny	1/2	Aquatic	
Grim Jester	tob	240	Undead	CE	Medium	11	Any	
Gug	tob	241	Giant	NE	Huge	12	Underdark	
Blood Hag	tob	242	Fey	CE	Medium	11	Any	
Mirror Hag	tob	243	Fey	CN	Medium	6	Any	
Red Hag	tob	244	Fey	NE	Medium	7	Any	
Sand Hag	tob	245	Fey	CE	Medium	5	Desert	
Owl Harpy	tob	246	Monstrosity	NE	Medium	5	Desert,Forest,Urban	
Haugbui	tob	247	Undead	LN	Medium	13	Any	
Herald of Blood	tob	248	Fiend	NE	Huge	12	Any	
Herald of Darkness	tob	249	Fiend	NE	Large	7	Any	
Horakh	tob	250	Monstrosity	NN	Medium	9	Desert,Plains,Underdark	
Hound of the Night	tob	251	Monstrosity	NN	Large	5	Hill,Plains,Underdark	
Hulking Whelp	tob	252	Fey	CN	Huge	5	Any	
Hundun	tob	253	Celestial	CG	Large	10	Any	
Ice Maiden	tob	254	Fey	LE	Medium	6	Any	
Idolic Deity	tob	255	Construct	NE	Small	8	Underdark	
Imy-Ut Ushabti	tob	256	Monstrosity	NN	Medium	3	Any	
Isonade	tob	257	Monstrosity	CN	Gargantuan	14	Aquatic	
Jaculus	tob	258	Dragon	NE	Small	3	Forest	
Kalke	tob	259	Fiend	NE	Small	1/4	Any	
Kikimora	tob	260	Fey	CN	Medium	5	Urban	
Kobold Alchemist	tob	261	Humanoid	LN	Small	2	Underdark,Urban	
Kobold Chieftain	tob	262	Humanoid	LE	Small	4	Underdark,Urban	
Kobold Trapsmith	tob	263	Humanoid	LN	Small	1	Underdark,Urban	
Kongamato	tob	265	Beast	NN	Large	5	Marsh,Plains	
Koschei	tob	266	Fiend	NE	Medium	17	Any	
Kot Bayun	tob	268	Monstrosity	NN	Medium	2	Hill,Mountain,Underdark	
Krake Spawn	tob	269	Monstrosity	NE	Huge	9	Aquatic	
Lantern Dragonette	tob	270	Dragon	LN	Tiny	1/2	Forest	
Lemurfolk	tob	271	Humanoid	NN	Small	1/4		
Lemurfolk Greyfur	tob	271	Humanoid	NN	Small	4	Forest	
Leshy	tob	272	Monstrosity	CN	Medium	1	Forest	
Library Automaton	tob	273	Construct	LN	Small	1/2	Urban	
Lich Hound	tob	274	Undead	NE	Medium	4	Any	
Likho	tob	275	Monstrosity	CE	Medium	6	Forest	
Lindwurm	tob	276	Dragon	NE	Large	5	Forest,Hill	
Liosalfar	tob	277	Elemental	NN	Large	8	Any	
Living Wick	tob	278	Construct	NN	Small	1/4	Underdark,Urban	
Lorelei	tob	279	Fey	CE	Medium	5	Aquatic	
Loxoda	tob	280	Monstrosity	NE	Huge	6	Forest,Plains	
Mahoru	tob	281	Monstrosity	NN	Large	3	Aquatic	
Mallqui	tob	282	Undead	LN	Medium	8		
Malphas	tob	283	Fey	NE	Medium	6	Any	
Mamura	tob	284	Fey	NE	Small	6	Badlands,Underdark	
Mask Wight	tob	285	Undead	NE	Medium	13	Any	
Mavka	tob	286	Undead	CE	Medium	12	Any	
Mi-Go	tob	287	Plant	NE	Medium	5	Any	
Millitaur	tob	288	Monstrosity	NN	Large	3	Forest	
Mimic, Map	tob	289	Abberation	NN	Tiny	1/4	Underdark,Underdark	
Mindrot Thrall	tob	290	Plant	NN	Medium	3	Any	
Mirager	tob	291	Fey	NE	Medium	3	Badlands,Desert	
Miremal	tob	292	Fey	CE	Small	1/2	Marsh	
Mngwa	tob	293	Abberation	NE	Medium	4	Badlands,Forest,Plains	
Monolith Champion	tob	294	Construct	NN	Large	8	Any	
Monolith Footman	tob	295	Construct	NN	Large	3	Any	
Mordant Snare	tob	296	Abberation	CE	Gargantuan	15	Underdark	
Morphoi	tob	297	Plant	CE	Medium	1/2	Aquatic	
Moss Lurker	tob	298	Humanoid	CN	Small	1	Forest,Marsh,Underdark	
Mummy, Venomous	tob	299	Undead	LE	Medium	3	Desert,Underdark	
Myconid, Deathcap	tob	300	Plant	NE	Medium	4		
Myling	tob	301	Undead	CE	Small	2	Any	
Naina	tob	302	Dragon	LE	Large	11	Any	
Naina (in humanoid form)	tob	302	Fey	LE	Medium	11		
Nichny	tob	303	Fey	NE	Medium	6	Any	
Nightgarm	tob	305	Monstrosity	CE	Large	6		
Nkosi	tob	306	Humanoid	LN	Medium	1/2	Plains	
Nkosi Pridelord	tob	306	Humanoid	LN	Medium	4	Plains	
War Ostrich	tob	307	Beast	NN	Large	1/2	Desert,Plains	
Noctiny	tob	308	Humanoid	NE	Medium	2	Any	
Oculo Swarm	tob	309	Monstrosity	NE	Large	4	Underdark	
Oozasis	tob	310	Ooze	NN	Gargantuan	9	Desert,Marsh	
Ooze, Corrupting	tob	311	Ooze	NE	Large	5	Any	
Ostinato	tob	312	Abberation	CN	Medium	4	Any	
Pombero	tob	313	Fey	CN	Medium	3	Forest	
Possessed Pillar	tob	314	Construct	NN	Large	7	Desert,Urban	
Putrid Haunt	tob	315	Undead	NE	Medium	2	Marsh	
Qwyllion	tob	316	Fey	NE	Medium	8	Any	
Ramag	tob	317	Humanoid	NN	Medium	1/4	Plains,Urban	
Rat King	tob	318	Monstrosity	CE	Medium	5	Underdark,Urban	
Ratatosk	tob	319	Celestial	CN	Tiny	4	Any	
Ratfolk	tob	320	Humanoid	NN	Small	1/4	Underdark,Urban	
Ratfolk Rogue	tob	320	Humanoid	NN	Small	1	Underdark,Urban	
Ravenala	tob	321	Plant	NN	Large	5	Forest	
Ravenfolk Doom Croaker	tob	322	Humanoid	NN	Medium	5	Forest,Hill,Urban	
Ravenfolk Scout	tob	322	Humanoid	NN	Medium	1/2	Forest,Hill,Urban	
Ravenfolk Warrior	tob	322	Humanoid	NN	Medium	3		
Rift Swine	tob	326	Abberation	CN	Large	5	Any	
Rime Worm Grub	tob	327	Elemental	NN	Medium	1	Any	
Rime Worm, Adult	tob	327	Elemental	NN	Large	6	Any	
Risen Reaver	tob	328	Undead	CE	Large	7	Any	
Roachling Lord	tob	329	Humanoid	CN	Small	2	Underdark,Urban	
Roachling Skirmisher	tob	329	Humanoid	CN	Small	1/4	Underdark,Urban	
Rotting Wind	tob	330	Undead	NE	Large	6	Any	
Rusalka	tob	331	Undead	CE	Medium	6	Aquatic	
Sand Silhouette	tob	332	Undead	NE	Medium	6	Desert	
Sandman	tob	333	Celestial	CN	Medium	5	Any	
Sandwyrm	tob	334	Dragon	NN	Large	6	Desert	
Sap Demon	tob	335	Ooze	CE	Small	4	Forest	
Sarcophagus Slime	tob	336	Undead	NE	Medium	5	Underdark	
Sathaq Worm	tob	337	Elemental	NE	Huge	10	Desert,Marsh,Underdark	
Savager	tob	338	Beast	NE	Large	8	Forest,Plains	
Scheznyki	tob	339	Fey	CE	Small	6	Hill,Underdark	
Night Scorpion	tob	340	Beast	NN	Large	3	Desert,Forest,Plains,Underdark	
Stygian Fat-Tailed Scorpion	tob	340	Beast	NN	Tiny	3	Desert,Forest,Plains,Underdark	
Selang	tob	341	Fey	CE	Medium	4		
Serpopard	tob	342	Beast	NN	Large	4	Marsh,Plains	
Shabti	tob	343	Construct	NN	Medium	8	Marsh,Underdark	
Shadhavar	tob	344	Monstrosity	NN	Large	2	Any	
Shadow Beast	tob	345	Fey	CE	Medium	7	Badlands,Forest,Underdark	
Shellycoat	tob	346	Fey	NE	Medium	2	Underdark	
Shoggoth	tob	347	Abberation	CN	Huge	19	Any	
Shroud	tob	348	Undead	NE	Medium	1/8	Any	
Skein Witch	tob	349	Celestial	NN	Medium	12	Any	
Skeleton, Sharkjaw	tob	350	Undead	LE	Large	1	Any	
Skeleton, Vine Troll	tob	351	Plant	NN	Large	9	Any	
Skitterhaunt	tob	352	Ooze	NN	Large	4	Badlands,Desert,Underdark	
Slow Storm	tob	353	Elemental	CN	Huge	15	Any	
Snake, Swamp Adder	tob	354	Beast	NN	Small	1/4		
Snake, Zanskaran Viper	tob	354	Beast	NN	Large	1	Marsh	
Son of Fenris	tob	355	Monstrosity	CE	Huge	12	Any	
Soul Eater	tob	356	Fiend	NE	Medium	7	Any	
Spark	tob	357	Elemental	CN	Tiny	7	Any	
Spectral Guardian	tob	358	Undead	NE	Medium	6	Any	
Sphinx, Gypsosphinx	tob	359	Monstrosity	NE	Large	14	Desert,Plains,Underdark	
Spider, Ghostwalk	tob	361	Monstrosity	NE	Large	9	Badlands,Forest	
Spider, J’ba Fofi	tob	362	Beast	NN	Large	3	Forest	
Spider, Red-Banded Line	tob	363	Beast	NN	Tiny	1/4	Any	
Spider, Sand	tob	364	Beast	NN	Large	7	Desert,Plains	
Spider of Leng	tob	365	Abberation	CE	Large	7	Hill,Mountain	
Spider Thief	tob	366	Construct	NN	Small	2		
Spire Walker	tob	367	Fey	CN	Tiny	3	Any	
Star-Spawn of Cthulhu	tob	368	Fiend	CE	Large	15	Any	
Stryx	tob	369	Monstrosity	NN	Tiny	1/8	Forest,Urban	
Stuhac	tob	370	Fiend	NE	Medium	13	Hill,Mountain	
Subek	tob	371	Humanoid	LN	Large	5	Aquatic	
Suturefly	tob	372	Beast	NN	Tiny	1/4	Forest,Marsh	
Fire Dancer Swarm	tob	373	Elemental	NE	Medium	7		
Manabane Scarab Swarm	tob	374	Beast	NN	Medium	4	Desert	
Prismatic Beetle Swarm	tob	375	Beast	NN	Medium	3		
Sluagh Swarm	tob	376	Fey	CE	Medium	3		
Wolf Spirit Swarm	tob	377	Undead	NE	Large	6		
Temple Dog	tob	378	Celestial	CG	Medium	5	Any	
Temple Dog	tob	378	Celestial	LG	Medium	5	Any	
Temple Dog	tob	378	Celestial	NG	Medium	5	Any	
Theullai	tob	379	Elemental	CN	Huge	10	Any	
Ancient Titan	tob	380	Celestial	NG	Gargantuan	12	Any	
Degenerate Titan	tob	381	Giant	CE	Huge	8	Plains,Underdark	
Titanoboa	tob	382	Beast	NN	Gargantuan	12	Forest	
Tophet	tob	383	Construct	NE	Huge	8	Any	
Tosculi Hive Queen	tob	385	Monstrosity	LE	Large	12	Desert,Hill,Plains	
Tosculi Drone	tob	386	Monstrosity	LE	Small	1/2	Desert,Hill,Plains	
Tosculi Elite Bow Raider	tob	386	Monstrosity	LE	Medium	5	Desert,Hill,Plains	
Tosculi Warrior	tob	386	Monstrosity	LE	Small	2	Desert,Hill,Plains	
Treacle	tob	387	Ooze	NN	Tiny	1/4	Forest,Plains,Urban	
Treant, Weeping	tob	388	Plant	NN	Huge	6	Forest	
Troll, Lake	tob	389	Giant	CE	Large	7	Aquatic	
Trollkin Reaver	tob	390	Humanoid	NN	Medium	4	Any	
Tusked Skyfish	tob	391	Abberation	LG	Large	4	Hill,Plains	
Uraeus	tob	392	Celestial	LN	Tiny	2	Any	
Urochar	tob	393	Abberation	CE	Huge	17		
Ushabti	tob	394	Construct	NN	Large	9	Underdark	
Vaettir	tob	395	Undead	LE	Medium	4	Any	
Valkyrie	tob	396	Celestial	NN	Medium	11	Any	
Vampire, Umbral	tob	397	Fiend	CE	Medium	7	Any	
Vapor Lynx	tob	398	Monstrosity	CN	Large	5	Marsh,Plains	
Vesiculosa	tob	399	Plant	NN	Gargantuan	11	Badlands,Desert	
Vila	tob	400	Fey	LN	Medium	5	Forest	
Vile Barber	tob	401	Fey	CE	Small	2	Any	
Vine Lord	tob	402	Plant	LN	Medium	7	Forest	
Tendril Puppet	tob	403	Plant	LN	Medium	2	Forest	
Voidling	tob	404	Abberation	CE	Large	11	Any	
Wampus Cat	tob	405	Monstrosity	CN	Medium	1	Forest,Hill	
Water Leaper	tob	406	Monstrosity	NN	Large	4	Aquatic	
Wharfling	tob	407	Beast	NN	Tiny	1/8	Aquatic	
Wharfling Swarm	tob	407	Beast	NN	Large	4	Aquatic	
White Ape	tob	408	Monstrosity	NN	Large	6	Forest	
Witchlight	tob	409	Construct	NN	Tiny	1/4	Any	
Wormhearted Suffragan	tob	410	Undead	CE	Medium	5	Any	
Xanka	tob	411	Construct	NN	Small	1/4	Any	
Xhkarsh	tob	412	Abberation	NE	Large	8	Any	
Ychen Bannog	tob	413	Beast	NN	Gargantuan	11	Forest,Hill,Mountain	
Zimwi	tob	415	Giant	CE	Medium	4	Any	
Zmey	tob	416	Dragon	CE	Huge	14	Forest	
Bandit Lord	tob	418	Humanoid	CE	Medium	4	Any	NPC
Bandit Lord	tob	418	Humanoid	CG	Medium	4	Any	NPC
Bandit Lord	tob	418	Humanoid	CN	Medium	4	Any	NPC
Bandit Lord	tob	418	Humanoid	NE	Medium	4	Any	NCP
Bandit Lord	tob	418	Humanoid	NG	Medium	4	Any	NPC
Bandit Lord	tob	418	Humanoid	NN	Medium	4	Any	NPC
Black Knight Commander	tob	418	Humanoid	LE	Medium	5	Any	
City Watch Captain	tob	419	Humanoid	LN	Medium	4	Urban	
Devilbound Gnomish Prince	tob	420	Humanoid	CE	Small	9	Any	
Devilbound Gnomish Prince	tob	420	Humanoid	LE	Small	9	Any	
Devilbound Gnomish Prince	tob	420	Humanoid	NE	Small	9	Any	
Dwarven Ringmage	tob	420	Humanoid	CE	Medium	7	Any	
Dwarven Ringmage	tob	420	Humanoid	CG	Medium	7	Any	
Dwarven Ringmage	tob	420	Humanoid	CN	Medium	7	Any	
Dwarven Ringmage	tob	420	Humanoid	LE	Medium	7	Any	
Dwarven Ringmage	tob	420	Humanoid	LG	Medium	7	Any	
Dwarven Ringmage	tob	420	Humanoid	LN	Medium	7	Any	
Dwarven Ringmage	tob	420	Humanoid	NE	Medium	7	Any	
Dwarven Ringmage	tob	420	Humanoid	NG	Medium	7	Any	
Dwarven Ringmage	tob	420	Humanoid	NN	Medium	7	Any	
Emerald Order Cult Leader	tob	421	Humanoid	LN	Medium	8	Any	
Emerald Order Cult Leader	tob	421	Humanoid	CE	Medium	8	Any	
Emerald Order Cult Leader	tob	421	Humanoid	LE	Medium	8	Any	
Emerald Order Cult Leader	tob	421	Humanoid	NE	Medium	8	Any	
Elvish Veteran Archer	tob	422	Humanoid	CG	Medium	3	Any	
Elvish Veteran Archer	tob	422	Humanoid	CN	Medium	3	Any	
Ghost Knight	tob	423	Humanoid	LE	Medium	6	Any	
Ogre Chieftain, Corrupted	tob	423	Giant	CE	Large	6	Badlands,Hill,Underdark	
Scorpion Cultist	tob	425	Humanoid	NN	Medium	1/2	Desert	
Wolf Reaver Dwarf	tob	426	Humanoid	CE	Medium	3	Any	
Wolf Reaver Dwarf	tob	426	Humanoid	CG	Medium	3	Any	
Wolf Reaver Dwarf	tob	426	Humanoid	CN	Medium	3	Any	
Banderhobb	vgm	122	Monstrosity	NE	Large	5	Urban	
Barghest	vgm	123	Fiend	NE	Large	4	Grassland,Forest,Hill,Underdark,Mountain	
Death Kiss	vgm	124	Aberration	NE	Large	10	Underdark	
Gauth	vgm	125	Aberration	LE	Medium	6	Underdark	
Gazer	vgm	126	Aberration	NE	Tiny	1/2	Underdark	
Bodak	vgm	127	Undead	CE	Medium	6	Urban,Underdark,Swamp	
Boggle	vgm	128	Fey	CN	Small	1/8	Urban,Underdark,Hill,Forest	
Catoblepas	vgm	129	Monstrosity	NN	Large	5	Swamp	
Cave Fisher	vgm	130	Monstrosity	NN	Medium	3	Underdark	
Chitine	vgm	131	Monstrosity	CE	Small	1/2	Underdark	
Choldrith	vgm	132	Monstrosity	CE	Medium	3	Underdark	
Cranium Rat	vgm	133	Beast	LE	Tiny	0	Urban,Underdark	
Swarm of Cranium Rats	vgm	133	Beast	LE	Medium	5	Underdark,Urban	
Darkling	vgm	134	Fey	CN	Small	1/2	Underdark,Swamp,Urban,Forest	
Darkling Elder	vgm	134	Fey	CN	Medium	2	Forest,Swamp,Underdark,Urban	
Deep Scion	vgm	135	Humanoid	NE	Medium	3	Underwater,Coastal	
Babau	vgm	136	Fiend	CE	Medium	4	Urban,Underdark	
Maw Demon	vgm	137	Fiend	CE	Medium	1	Underdark	
Shoosuva	vgm	137	Fiend	CE	Large	8	Hill,Arctic,Forest,Grassland	
Devourer	vgm	138	Fiend	CE	Large	13	Underdark	
Brontosaurus	vgm	139	Beast	NN	Gargantuan	5	Forest,Jungle,Grassland	
Deinonychus	vgm	139	Beast	NN	Medium	1	Grassland,Forest,Jungle,Hill	
Dimetrodon	vgm	139	Beast	NN	Medium	1/4	Coastal,Swamp	
Hadrosaurus	vgm	140	Beast	NN	Large	1/4	Jungle,Grassland,Swamp	
Quetzalcoatlus	vgm	140	Beast	NN	Huge	2	Mountain,Hill,Coastal	
Stegosaurus	vgm	140	Beast	NN	Huge	4	Grassland,Jungle,Forest	
Velociraptor	vgm	140	Beast	NN	Tiny	1/4	Forest,Jungle,Grassland	
Draegloth	vgm	141	Fiend	CE	Large	7	Underdark	
Firenewt Warrior	vgm	142	Humanoid	NE	Medium	1/2	Mountain,Underdark,Hill,Desert	
Firenewt Warlock of Imix	vgm	143	Humanoid	NE	Medium	1	Desert,Mountain,Hill,Underdark	
Giant Strider	vgm	143	Monstrosity	NE	Large	1	Mountain,Hill,Underdark	
Flail Snail	vgm	144	Elemental	NN	Large	3	Forest,Jungle,Underdark,Swamp	
Froghemoth	vgm	145	Monstrosity	NN	Huge	10	Swamp,Underdark	
Cloud Giant Smiling One	vgm	146	Giant	CN	Huge	11	Mountain	
Fire Giant Dreadnought	vgm	147	Giant	LE	Huge	14	Mountain,Underdark	
Frost Giant Everlasting One	vgm	148	Giant	CE	Huge	12	Arctic,Coastal	
Mouth of Grolantor	vgm	149	Giant	CE	Huge	6	Grassland,Hill	
Stone Giant Dreamwalker	vgm	150	Giant	CN	Huge	10	Hill,Mountain,Coastal	
Storm Giant Quintessent	vgm	151	Giant	CG	Huge	16	Arctic,Mountain,Desert,Coastal,Underwater	
Girallon	vgm	152	Monstrosity	NN	Large	4	Jungle,Forest	
Flind	vgm	153	Humanoid	CE	Medium	9	Hill,Arctic,Forest,Grassland	
Gnoll Flesh Gnawer	vgm	154	Humanoid	CE	Medium	1	Arctic,Hill,Grassland,Forest	
Gnoll Hunter	vgm	154	Humanoid	CE	Medium	1/2	Grassland,Forest,Arctic,Hill	
Gnoll Witherling	vgm	155	Undead	CE	Medium	1/4	Arctic,Hill,Grassland,Forest	
Grung	vgm	156	Humanoid	LE	Small	1/4	Jungle,Forest	
Grung Elite Warrior	vgm	157	Humanoid	LE	Small	2	Forest	
Grung Wildling	vgm	157	Humanoid	LE	Small	1	Forest	
Guard Drake	vgm	158	Dragon	NN	Medium	2	Forest,Desert,Swamp,Mountain,Underdark,Arctic,Urban	
Annis Hag	vgm	159	Fey	CE	Large	6	Mountain,Hill	
Bheur Hag	vgm	160	Fey	CE	Medium	7	Arctic	
Hobgoblin Devastator	vgm	161	Humanoid	LE	Medium	4	Forest,Grassland,Hill	
Hobgoblin Iron Shadow	vgm	162	Humanoid	LE	Medium	2	Hill,Grassland,Forest	
Ki-rin	vgm	163	Celestial	LG	Huge	12	Coastal,Desert,Grassland,Mountain	
Kobold Dragonshield	vgm	165	Humanoid	LE	Small	1	Underdark,Hill,Mountain,Forest	
Kobold Inventor	vgm	166	Humanoid	LE	Small	1/4	Underdark,Hill,Mountain,Urban,Forest	
Kobold Scale Sorcerer	vgm	167	Humanoid	LE	Small	1	Forest,Urban,Mountain,Underdark,Hill	
Korred	vgm	168	Fey	CN	Small	7	Forest	
Leucrotta	vgm	169	Monstrosity	CE	Large	3	Desert,Grassland	
Meenlock	vgm	170	Fey	NE	Small	2	Swamp,Urban,Forest	
Alhoon	vgm	172	Undead	CE	Medium	10	Underdark	
Alhoon	vgm	172	Undead	LE	Medium	10	Underdark	
Alhoon	vgm	172	Undead	NE	Medium	10	Underdark	
Mind Flayer Lich	vgm	172	Undead	CE	Medium	22	Underdark	
Mind Flayer Lich	vgm	172	Undead	LE	Medium	22	Underdark	
Mind Flayer Lich	vgm	172	Undead	NE	Medium	22	Underdark	
Elder Brain	vgm	174	Aberration	LE	Large	14	Underdark	
Ulitharid	vgm	175	Aberration	LE	Large	9	Underdark	
Mindwitness	vgm	176	Aberration	LE	Large	5	Underdark	
Morkoth	vgm	178	Aberration	CE	Medium	11	Underwater,Coastal	
Morkoth (in lair)	vgm	178	Aberration	CE	Medium	12	Coastal,Underwater	
Neogi Hatchling	vgm	179	Aberration	LE	Tiny	1/8	Underdark,Hill	
Neogi	vgm	180	Aberration	LE	Small	3	Underdark,Hill	
Neogi Master	vgm	180	Aberration	LE	Medium	4	Underdark,Hill	
Neothelid	vgm	181	Aberration	CE	Gargantuan	13	Underdark	
Nilbog	vgm	182	Humanoid	CE	Small	1	Forest,Hill,Underdark	
Orc Blade of Ilneval	vgm	183	Humanoid	CE	Medium	4	Underdark,Hill,Mountain,Forest,Grassland	
Orc Claw of Luthic	vgm	183	Humanoid	CE	Medium	2	Underdark,Mountain	
Orc Hand of Yurtrus	vgm	184	Humanoid	CE	Medium	2	Forest,Grassland,Hill,Underdark,Mountain	
Orc Nurtured One of Yurtrus	vgm	184	Humanoid	CE	Medium	1/2	Mountain,Hill,Underdark,Forest,Grassland	
Orc Red Fang of Shargaas	vgm	185	Humanoid	CE	Medium	3	Urban,Hill,Underdark,Mountain,Forest	
Tanarukk	vgm	186	Fiend	CE	Medium	5	Mountain,Hill,Underdark	
Quickling	vgm	187	Fey	CE	Tiny	1	Forest	
Redcap	vgm	188	Fey	CE	Small	3	Swamp,Hill,Forest	
Sea Spawn	vgm	189	Humanoid	NE	Medium	1	Underwater,Coastal	
Shadow Mastiff	vgm	190	Monstrosity	NE	Medium	2	Hill,Swamp,Forest	
Slithering Tracker	vgm	191	Ooze	CE	Medium	3	Underdark,Urban	
Spawn of Kyuss	vgm	192	Undead	CE	Medium	5	Underdark,Desert	
Tlincalli	vgm	193	Monstrosity	NE	Large	5	Desert	
Trapper	vgm	194	Monstrosity	NN	Large	3	Underdark	
Vargouille	vgm	195	Fiend	CE	Tiny	1	Underdark,Swamp,Desert	
Vegepygmy	vgm	196	Plant	NN	Small	1/4	Jungle,Forest,Swamp	
Thorny	vgm	197	Plant	NN	Medium	1	Forest,Swamp	
Vegepygmy Chief	vgm	197	Plant	NN	Small	2	Swamp,Forest	
Wood Woad	vgm	198	Plant	LN	Medium	5	Forest	
Xvart	vgm	200	Humanoid	CE	Small	1/8	Underdark,Hill	
Xvart Warlock of Raxivort	vgm	200	Humanoid	CE	Small	1	Hill,Underdark	
Yeth Hound	vgm	201	Fey	NE	Large	4	Grassland,Forest,Hill	
Yuan-ti Anathema	vgm	202	Monstrosity	NE	Huge	12	Jungle,Forest,Desert,Underdark	
Yuan-ti Broodguard	vgm	203	Humanoid	NE	Medium	2	Jungle,Forest,Desert,Underdark	
Yuan-ti Mind Whisperer	vgm	204	Monstrosity	NE	Medium	4	Underdark,Forest,Jungle,Desert	
Yuan-ti Nightmare Speaker	vgm	205	Monstrosity	NE	Medium	4	Jungle,Forest,Desert,Underdark	
Yuan-ti Pit Master	vgm	206	Monstrosity	NE	Medium	5	Jungle,Forest,Desert,Underdark	
Aurochs	vgm	207	Beast	NN	Large	2	Mountain,Hill,Grassland	
Cow	vgm	207	Beast	NN	Large	1/4	Plains,Grassland,	
Deep Rothe	vgm	207	Beast	NN	Medium	1/4	Underdark	
Ox	vgm	207	Beast	NN	Large	1/4	Urban	
Rothe	vgm	207	Beast	NN	Large	1/4	Grassland	
Stench Kow	vgm	207	Beast	NN	Large	1/4		
Dolphin	vgm	208	Beast	NN	Medium	1/8	Coastal,Underwater	
Swarm of Rot Grubs	vgm	208	Beast	NN	Medium	1/2	Swamp,Underdark	
